Fund Name,P1,P2,P3,P4,P5,Topsis Score,Rank
M1,0.69,0.48,3.9,68.1,18.29,0.5806329818127139,5
M2,0.89,0.79,5.1,58.7,16.37,0.6259288826714803,3
M3,0.81,0.66,6.2,44.1,12.94,0.30488577259711325,8
M4,0.81,0.66,3.2,53.0,14.42,0.6491799365184401,2
M5,0.68,0.46,6.8,65.6,18.39,0.3471741807803603,7
M6,0.68,0.46,3.2,69.9,18.56,0.6112099371559522,4
M7,0.86,0.74,6.3,44.3,13.05,0.376213567030476,6
M8,0.86,0.74,3.3,61.1,16.5,0.8126080718217689,1
