Fund Name,P1,P2,P3,P4,P5,Topsis Score,Rank
M1,0.69,0.48,3.9,68.1,18.29,0.24376765928031705,6
M2,0.89,0.79,5.1,58.7,16.37,0.5751629006983331,4
M3,0.81,0.66,6.2,44.1,12.94,0.735343650144029,2
M4,0.81,0.66,3.2,53.0,14.42,0.23694010067647422,7
M5,0.68,0.46,6.8,65.6,18.39,0.6844161617636216,3
M6,0.68,0.46,3.2,69.9,18.56,0.17590282817176625,8
M7,0.86,0.74,6.3,44.3,13.05,0.7773541984079141,1
M8,0.86,0.74,3.3,61.1,16.5,0.2801014742977523,5
